3PBL_A_ETQ_0001,-730.214,-10.674,0.487
3PBL_A_ETQ_0002,-735.299,-11.809,0.399
3PBL_A_ETQ_0003,-740.139,-12.267,0.408
3PBL_A_ETQ_0004,-739.866,-11.914,0.409
3PBL_A_ETQ_0005,-736.618,-11.012,0.435
3PBL_A_ETQ_0006,-730.437,-11.840,0.327
3PBL_A_ETQ_0007,-733.917,-10.979,0.323
3PBL_A_ETQ_0008,-739.471,-11.493,0.337
3PBL_A_ETQ_0009,-733.131,-11.860,0.300
3PBL_A_ETQ_0010,-736.054,-11.094,0.278
3PBL_A_ETQ_0011,-737.242,-11.988,0.290
3PBL_A_ETQ_0012,-736.981,-11.753,0.365
3PBL_A_ETQ_0013,-731.206,-11.952,0.309
3PBL_A_ETQ_0014,-731.542,-11.842,0.326
3PBL_A_ETQ_0015,-703.123,-10.184,2.202
3PBL_A_ETQ_0016,-735.296,-7.980,1.846
3PBL_A_ETQ_0017,-734.978,-10.852,0.411
3PBL_A_ETQ_0018,-727.645,-11.381,0.419
3PBL_A_ETQ_0019,-732.402,-11.550,0.367
3PBL_A_ETQ_0020,-736.152,-11.662,0.343
3PBL_A_ETQ_0021,-702.435,-3.214,6.627
3PBL_A_ETQ_0022,-735.285,-11.648,0.355
3PBL_A_ETQ_0023,-734.744,-11.842,0.348
3PBL_A_ETQ_0024,-727.960,-11.824,0.357
3PBL_A_ETQ_0025,-734.144,-11.448,0.293
3PBL_A_ETQ_0026,-734.344,-11.611,0.290
3PBL_A_ETQ_0027,-734.567,-11.570,0.438
3PBL_A_ETQ_0028,-704.885,-7.792,3.421
3PBL_A_ETQ_0029,-732.283,-12.382,0.316
3PBL_A_ETQ_0030,-736.640,-11.570,0.346
3PBL_A_ETQ_0031,-738.206,-11.367,0.400
3PBL_A_ETQ_0032,-733.206,-11.417,0.315
3PBL_A_ETQ_0033,-733.849,-12.009,0.354
3PBL_A_ETQ_0034,-729.773,-11.524,0.426
3PBL_A_ETQ_0035,-729.863,-11.925,0.297
3PBL_A_ETQ_0036,-733.064,-11.652,0.540
3PBL_A_ETQ_0037,-727.233,-11.887,0.312
3PBL_A_ETQ_0038,-714.214,-10.419,1.477
3PBL_A_ETQ_0039,-733.206,-11.758,0.354
3PBL_A_ETQ_0040,-747.220,-11.419,0.327
3PBL_A_ETQ_0041,-738.028,-12.223,0.328
3PBL_A_ETQ_0042,-741.396,-11.902,0.330
3PBL_A_ETQ_0043,-730.547,-11.292,0.330
3PBL_A_ETQ_0044,-732.577,-11.202,0.390
3PBL_A_ETQ_0045,-733.168,-10.391,0.358
3PBL_A_ETQ_0046,-734.835,-11.406,0.378
3PBL_A_ETQ_0047,-741.362,-10.878,0.300
3PBL_A_ETQ_0048,-740.980,-10.480,0.234
3PBL_A_ETQ_0049,-738.168,-11.591,0.385
3PBL_A_ETQ_0050,-739.588,-12.020,0.422
3PBL_A_ETQ_0051,-715.690,-9.207,4.746
3PBL_A_ETQ_0052,-702.679,-2.465,2.452
3PBL_A_ETQ_0053,-711.651,-5.071,2.378
3PBL_A_ETQ_0054,-697.653,-5.873,6.029
3PBL_A_ETQ_0055,-742.366,-11.814,0.355
3PBL_A_ETQ_0056,-737.996,-11.620,0.336
3PBL_A_ETQ_0057,-730.664,-11.859,0.402
3PBL_A_ETQ_0058,-736.715,-11.474,0.375
3PBL_A_ETQ_0059,-736.415,-11.353,0.412
3PBL_A_ETQ_0060,-727.051,-11.478,0.300
3PBL_A_ETQ_0061,-734.860,-11.445,0.349
3PBL_A_ETQ_0062,-737.783,-11.507,0.346
3PBL_A_ETQ_0063,-740.167,-10.974,0.411
3PBL_A_ETQ_0064,-732.691,-11.634,0.336
3PBL_A_ETQ_0065,-742.335,-11.418,0.301
3PBL_A_ETQ_0066,-737.179,-11.333,0.357
3PBL_A_ETQ_0067,-739.891,-11.450,0.359
3PBL_A_ETQ_0068,-735.336,-11.715,0.369
3PBL_A_ETQ_0069,-743.324,-11.940,0.266
3PBL_A_ETQ_0070,-739.326,-11.134,0.343
3PBL_A_ETQ_0071,-713.488,-7.836,2.090
3PBL_A_ETQ_0072,-726.078,-11.819,0.328
3PBL_A_ETQ_0073,-726.455,-11.451,0.302
3PBL_A_ETQ_0074,-706.229,-7.563,2.319
3PBL_A_ETQ_0075,-727.581,-11.494,0.284
3PBL_A_ETQ_0076,-732.313,-11.645,0.392
3PBL_A_ETQ_0077,-733.605,-11.031,0.345
3PBL_A_ETQ_0078,-718.319,-9.209,0.561
3PBL_A_ETQ_0079,-725.951,-10.417,0.357
3PBL_A_ETQ_0080,-726.889,-11.504,0.333
3PBL_A_ETQ_0081,-727.392,-11.721,0.317
3PBL_A_ETQ_0082,-727.909,-11.563,0.359
3PBL_A_ETQ_0083,-700.743,-5.027,3.726
3PBL_A_ETQ_0084,-729.122,-10.976,0.376
3PBL_A_ETQ_0085,-728.972,-11.672,0.446
3PBL_A_ETQ_0086,-742.133,-12.134,0.329
3PBL_A_ETQ_0087,-737.395,-11.417,0.497
3PBL_A_ETQ_0088,-714.241,-9.002,2.055
3PBL_A_ETQ_0089,-710.927,-11.329,3.166
3PBL_A_ETQ_0090,-722.031,-11.050,0.544
3PBL_A_ETQ_0091,-730.973,-11.262,0.491
3PBL_A_ETQ_0092,-737.520,-11.366,0.337
3PBL_A_ETQ_0093,-720.661,-10.503,0.288
3PBL_A_ETQ_0094,-739.347,-11.663,0.345
3PBL_A_ETQ_0095,-729.718,-11.515,0.329
3PBL_A_ETQ_0096,-735.483,-12.100,0.380
3PBL_A_ETQ_0097,-692.501,-4.438,2.838
3PBL_A_ETQ_0098,-722.937,-9.842,1.026
3PBL_A_ETQ_0099,-740.684,-11.535,0.342
3PBL_A_ETQ_0100,-710.332,-11.652,0.427
3PBL_A_ETQ_0101,-720.685,-4.854,7.141
3PBL_A_ETQ_0102,-734.611,-11.348,0.385
3PBL_A_ETQ_0103,-715.625,-11.918,0.460
3PBL_A_ETQ_0104,-735.432,-11.797,0.392
3PBL_A_ETQ_0105,-740.692,-11.344,0.375
3PBL_A_ETQ_0106,-723.547,-10.540,0.305
3PBL_A_ETQ_0107,-723.951,-9.428,6.963
3PBL_A_ETQ_0108,-734.645,-10.807,0.432
3PBL_A_ETQ_0109,-730.905,-12.163,0.363
3PBL_A_ETQ_0110,-738.154,-11.959,0.303
3PBL_A_ETQ_0111,-734.800,-11.641,0.325
3PBL_A_ETQ_0112,-741.134,-11.491,0.293
3PBL_A_ETQ_0113,-725.794,-11.153,0.463
3PBL_A_ETQ_0114,-700.143,-7.429,6.745
3PBL_A_ETQ_0115,-735.029,-11.658,0.345
3PBL_A_ETQ_0116,-728.156,-11.884,0.347
3PBL_A_ETQ_0117,-715.572,-9.049,1.000
3PBL_A_ETQ_0118,-736.366,-11.701,0.285
3PBL_A_ETQ_0119,-698.960,-1.856,2.372
3PBL_A_ETQ_0120,-727.834,-12.143,0.348
3PBL_A_ETQ_0121,-736.344,-11.803,0.368
3PBL_A_ETQ_0122,-734.749,-10.605,0.362
3PBL_A_ETQ_0123,-730.372,-11.739,0.394
3PBL_A_ETQ_0124,-731.041,-11.237,0.343
3PBL_A_ETQ_0125,-734.124,-11.292,0.413
3PBL_A_ETQ_0126,-737.030,-9.997,0.824
3PBL_A_ETQ_0127,-745.519,-11.402,0.266
3PBL_A_ETQ_0128,-732.472,-11.892,0.377
3PBL_A_ETQ_0129,-739.430,-11.465,0.330
3PBL_A_ETQ_0130,-733.290,-11.692,0.349
3PBL_A_ETQ_0131,-741.320,-11.638,0.300
3PBL_A_ETQ_0132,-736.356,-11.895,0.279
3PBL_A_ETQ_0133,-734.292,-12.190,0.332
3PBL_A_ETQ_0134,-732.618,-11.530,0.334
3PBL_A_ETQ_0135,-727.649,-11.940,0.401
3PBL_A_ETQ_0136,-738.747,-11.854,0.308
3PBL_A_ETQ_0137,-739.812,-11.042,0.284
3PBL_A_ETQ_0138,-729.986,-11.874,0.463
3PBL_A_ETQ_0139,-739.488,-11.838,0.331
3PBL_A_ETQ_0140,-734.668,-11.171,0.331
3PBL_A_ETQ_0141,-712.264,-6.083,3.883
3PBL_A_ETQ_0142,-702.567,-6.688,4.398
3PBL_A_ETQ_0143,-689.059,-0.100,6.614
3PBL_A_ETQ_0144,-729.756,-11.830,0.339
3PBL_A_ETQ_0145,-738.104,-11.940,0.351
3PBL_A_ETQ_0146,-728.140,-12.067,0.371
3PBL_A_ETQ_0147,-729.606,-11.950,0.444
3PBL_A_ETQ_0148,-739.638,-11.758,0.356
3PBL_A_ETQ_0149,-734.446,-11.438,0.369
3PBL_A_ETQ_0150,-728.753,-11.141,0.324
3PBL_A_ETQ_0151,-734.626,-12.069,0.363
3PBL_A_ETQ_0152,-733.571,-12.040,0.299
3PBL_A_ETQ_0153,-737.679,-11.377,0.316
3PBL_A_ETQ_0154,-738.028,-11.666,0.474
3PBL_A_ETQ_0155,-729.230,-11.697,0.395
3PBL_A_ETQ_0156,-719.022,-9.888,0.294
3PBL_A_ETQ_0157,-731.245,-11.610,0.335
3PBL_A_ETQ_0158,-726.980,-11.392,0.323
3PBL_A_ETQ_0159,-730.110,-11.337,0.296
3PBL_A_ETQ_0160,-740.685,-11.715,0.314
3PBL_A_ETQ_0161,-737.638,-12.063,0.399
3PBL_A_ETQ_0162,-734.032,-11.665,0.375
3PBL_A_ETQ_0163,-710.848,-9.130,4.300
3PBL_A_ETQ_0164,-713.655,-10.552,0.660
3PBL_A_ETQ_0165,-728.075,-11.421,0.295
3PBL_A_ETQ_0166,-727.302,-11.183,0.349
3PBL_A_ETQ_0167,-736.705,-11.285,0.414
3PBL_A_ETQ_0168,-738.015,-11.495,0.285
3PBL_A_ETQ_0169,-725.428,-12.064,0.394
3PBL_A_ETQ_0170,-728.508,-11.384,0.389
3PBL_A_ETQ_0171,-730.850,-11.854,0.269
3PBL_A_ETQ_0172,-729.830,-11.571,0.353
3PBL_A_ETQ_0173,-731.890,-11.627,0.312
3PBL_A_ETQ_0174,-736.231,-11.720,0.454
3PBL_A_ETQ_0175,-739.976,-11.521,0.371
3PBL_A_ETQ_0176,-733.362,-11.191,0.360
3PBL_A_ETQ_0177,-732.439,-11.275,0.343
3PBL_A_ETQ_0178,-737.092,-10.707,0.350
3PBL_A_ETQ_0179,-687.776,0.487,6.632
3PBL_A_ETQ_0180,-740.650,-11.629,0.237
3PBL_A_ETQ_0181,-733.824,-11.560,0.334
3PBL_A_ETQ_0182,-732.948,-11.620,0.283
3PBL_A_ETQ_0183,-725.700,-11.945,0.460
3PBL_A_ETQ_0184,-730.372,-11.982,0.352
3PBL_A_ETQ_0185,-727.058,-11.382,0.332
3PBL_A_ETQ_0186,-727.678,-11.631,0.335
3PBL_A_ETQ_0187,-703.880,-4.185,6.605
3PBL_A_ETQ_0188,-730.197,-11.548,0.449
3PBL_A_ETQ_0189,-742.594,-11.890,0.334
3PBL_A_ETQ_0190,-685.886,-8.256,6.645
3PBL_A_ETQ_0191,-710.570,-9.893,2.129
3PBL_A_ETQ_0192,-731.196,-11.653,0.384
3PBL_A_ETQ_0193,-745.600,-11.436,0.326
3PBL_A_ETQ_0194,-738.619,-11.737,0.315
3PBL_A_ETQ_0195,-738.529,-11.419,0.321
3PBL_A_ETQ_0196,-729.061,-11.344,0.281
3PBL_A_ETQ_0197,-733.863,-11.825,0.322
3PBL_A_ETQ_0198,-705.035,-7.317,3.279
3PBL_A_ETQ_0199,-696.263,-5.230,4.715
3PBL_A_ETQ_0200,-741.169,-11.806,0.369
3PBL_A_ETQ_0201,-733.401,-10.931,0.419
3PBL_A_ETQ_0202,-735.840,-11.882,0.299
3PBL_A_ETQ_0203,-738.367,-11.397,0.272
3PBL_A_ETQ_0204,-734.269,-10.971,0.389
3PBL_A_ETQ_0205,-741.570,-12.085,0.410
3PBL_A_ETQ_0206,-739.639,-11.610,0.322
3PBL_A_ETQ_0207,-729.234,-12.297,0.383
3PBL_A_ETQ_0208,-721.583,-11.343,0.317
3PBL_A_ETQ_0209,-732.107,-11.109,0.328
3PBL_A_ETQ_0210,-732.125,-11.756,0.323
3PBL_A_ETQ_0211,-729.632,-12.463,0.373
3PBL_A_ETQ_0212,-739.559,-11.925,0.375
3PBL_A_ETQ_0213,-740.160,-11.417,0.336
3PBL_A_ETQ_0214,-730.950,-11.530,0.287
3PBL_A_ETQ_0215,-723.707,-11.551,0.376
3PBL_A_ETQ_0216,-705.234,-6.943,4.306
3PBL_A_ETQ_0217,-699.114,-8.198,4.283
3PBL_A_ETQ_0218,-736.906,-12.146,0.323
3PBL_A_ETQ_0219,-732.116,-11.437,0.375
3PBL_A_ETQ_0220,-729.833,-11.824,0.245
3PBL_A_ETQ_0221,-732.399,-11.165,0.423
3PBL_A_ETQ_0222,-732.846,-12.089,0.342
3PBL_A_ETQ_0223,-735.561,-11.167,0.329
3PBL_A_ETQ_0224,-739.069,-11.365,0.256
3PBL_A_ETQ_0225,-728.609,-11.394,0.321
3PBL_A_ETQ_0226,-701.886,-2.806,6.631
3PBL_A_ETQ_0227,-733.815,-10.058,0.227
3PBL_A_ETQ_0228,-740.906,-10.908,0.362
3PBL_A_ETQ_0229,-741.462,-11.796,0.412
3PBL_A_ETQ_0230,-735.254,-11.442,0.359
3PBL_A_ETQ_0231,-737.314,-11.163,0.362
3PBL_A_ETQ_0232,-721.234,-6.846,6.477
3PBL_A_ETQ_0233,-725.484,-10.668,0.439
3PBL_A_ETQ_0234,-729.246,-8.834,1.112
3PBL_A_ETQ_0235,-739.435,-11.476,0.330
3PBL_A_ETQ_0236,-739.298,-11.637,0.327
3PBL_A_ETQ_0237,-730.868,-11.199,0.355
3PBL_A_ETQ_0238,-694.167,0.142,6.603
3PBL_A_ETQ_0239,-697.832,-3.137,6.633
3PBL_A_ETQ_0240,-679.619,0.411,3.362
3PBL_A_ETQ_0241,-746.393,-11.671,0.415
3PBL_A_ETQ_0242,-725.577,-11.471,0.275
3PBL_A_ETQ_0243,-727.752,-11.686,0.400
3PBL_A_ETQ_0244,-735.660,-11.554,0.383
3PBL_A_ETQ_0245,-730.828,-11.438,0.275
3PBL_A_ETQ_0246,-733.256,-10.898,0.499
3PBL_A_ETQ_0247,-736.101,-11.786,0.564
3PBL_A_ETQ_0248,-737.958,-11.645,0.333
3PBL_A_ETQ_0249,-742.401,-11.463,0.386
3PBL_A_ETQ_0250,-737.648,-11.545,0.291
3PBL_A_ETQ_0251,-728.521,-11.690,0.278
3PBL_A_ETQ_0252,-730.174,-11.832,0.358
3PBL_A_ETQ_0253,-735.319,-11.980,0.389
3PBL_A_ETQ_0254,-736.362,-11.039,0.291
3PBL_A_ETQ_0255,-742.168,-11.472,0.217
3PBL_A_ETQ_0256,-741.215,-11.687,0.370
3PBL_A_ETQ_0257,-741.892,-11.931,0.336
3PBL_A_ETQ_0258,-739.208,-11.572,0.326
3PBL_A_ETQ_0259,-728.104,-11.226,0.351
3PBL_A_ETQ_0260,-740.918,-11.432,0.292
3PBL_A_ETQ_0261,-741.851,-12.193,0.302
3PBL_A_ETQ_0262,-731.054,-11.624,0.313
3PBL_A_ETQ_0263,-729.438,-12.110,0.353
3PBL_A_ETQ_0264,-739.852,-11.602,0.318
3PBL_A_ETQ_0265,-744.232,-12.157,0.344
3PBL_A_ETQ_0266,-740.699,-12.184,0.336
3PBL_A_ETQ_0267,-724.411,-11.074,0.309
3PBL_A_ETQ_0268,-732.654,-9.857,0.913
3PBL_A_ETQ_0269,-727.749,-11.051,0.466
3PBL_A_ETQ_0270,-742.004,-11.763,0.358
3PBL_A_ETQ_0271,-741.127,-11.746,0.314
3PBL_A_ETQ_0272,-730.164,-11.886,0.407
3PBL_A_ETQ_0273,-734.931,-11.537,0.419
3PBL_A_ETQ_0274,-725.450,-10.458,0.281
3PBL_A_ETQ_0275,-746.264,-11.425,0.317
3PBL_A_ETQ_0276,-744.020,-11.836,0.278
3PBL_A_ETQ_0277,-747.018,-10.545,1.006
3PBL_A_ETQ_0278,-730.171,-10.875,0.382
3PBL_A_ETQ_0279,-670.253,4.173,2.874
3PBL_A_ETQ_0280,-698.601,-9.300,6.880
3PBL_A_ETQ_0281,-736.695,-11.667,0.325
3PBL_A_ETQ_0282,-731.992,-11.776,0.233
3PBL_A_ETQ_0283,-739.759,-11.333,0.348
3PBL_A_ETQ_0284,-727.674,-11.593,0.335
3PBL_A_ETQ_0285,-733.729,-12.137,0.406
3PBL_A_ETQ_0286,-734.583,-11.677,0.330
3PBL_A_ETQ_0287,-733.426,-11.457,0.302
3PBL_A_ETQ_0288,-734.801,-11.843,0.294
3PBL_A_ETQ_0289,-727.644,-11.617,0.350
3PBL_A_ETQ_0290,-735.814,-11.395,0.399
3PBL_A_ETQ_0291,-741.492,-11.729,0.335
3PBL_A_ETQ_0292,-742.063,-12.330,0.329
3PBL_A_ETQ_0293,-724.145,-11.365,0.389
3PBL_A_ETQ_0294,-734.359,-11.176,0.353
3PBL_A_ETQ_0295,-731.241,-11.633,0.389
3PBL_A_ETQ_0296,-727.532,-11.700,0.301
3PBL_A_ETQ_0297,-730.161,-11.467,0.265
3PBL_A_ETQ_0298,-737.111,-11.734,0.376
3PBL_A_ETQ_0299,-728.089,-11.628,0.372
3PBL_A_ETQ_0300,-737.726,-12.260,0.374
3PBL_A_ETQ_0301,-739.188,-11.158,0.387
3PBL_A_ETQ_0302,-728.928,-11.772,0.271
3PBL_A_ETQ_0303,-734.702,-11.357,0.298
3PBL_A_ETQ_0304,-736.581,-11.492,0.338
3PBL_A_ETQ_0305,-742.186,-11.244,0.324
3PBL_A_ETQ_0306,-739.653,-11.565,0.287
3PBL_A_ETQ_0307,-718.830,-2.279,7.033
3PBL_A_ETQ_0308,-733.343,-11.417,0.391
3PBL_A_ETQ_0309,-741.512,-11.886,0.236
3PBL_A_ETQ_0310,-742.324,-11.681,0.364
3PBL_A_ETQ_0311,-739.846,-11.770,0.367
3PBL_A_ETQ_0312,-734.744,-11.052,0.402
3PBL_A_ETQ_0313,-725.738,-11.226,0.402
3PBL_A_ETQ_0314,-748.131,-11.431,0.359
3PBL_A_ETQ_0315,-735.796,-11.108,0.367
3PBL_A_ETQ_0316,-739.419,-12.057,0.310
3PBL_A_ETQ_0317,-731.255,-11.615,0.370
3PBL_A_ETQ_0318,-731.294,-12.023,0.289
3PBL_A_ETQ_0319,-731.261,-11.537,0.328
3PBL_A_ETQ_0320,-738.754,-10.473,0.336
3PBL_A_ETQ_0321,-738.438,-11.167,0.401
3PBL_A_ETQ_0322,-727.410,-11.429,0.303
3PBL_A_ETQ_0323,-699.531,-4.033,6.610
3PBL_A_ETQ_0324,-729.379,-11.430,0.319
3PBL_A_ETQ_0325,-734.154,-11.431,0.193
3PBL_A_ETQ_0326,-731.619,-12.160,0.354
3PBL_A_ETQ_0327,-739.708,-6.277,7.096
3PBL_A_ETQ_0328,-730.137,-11.240,0.308
3PBL_A_ETQ_0329,-737.979,-11.717,0.390
3PBL_A_ETQ_0330,-716.154,-11.724,0.396
3PBL_A_ETQ_0331,-736.022,-12.131,0.353
3PBL_A_ETQ_0332,-735.722,-11.670,0.327
3PBL_A_ETQ_0333,-728.240,-11.920,0.333
3PBL_A_ETQ_0334,-735.362,-11.448,0.383
3PBL_A_ETQ_0335,-737.242,-11.085,0.360
3PBL_A_ETQ_0336,-730.692,-10.334,0.348
3PBL_A_ETQ_0337,-731.434,-10.046,0.197
3PBL_A_ETQ_0338,-738.857,-11.599,0.345
3PBL_A_ETQ_0339,-739.275,-11.451,0.314
3PBL_A_ETQ_0340,-738.402,-11.731,0.310
3PBL_A_ETQ_0341,-704.391,-8.559,4.052
3PBL_A_ETQ_0342,-739.142,-11.643,0.376
3PBL_A_ETQ_0343,-731.333,-11.699,0.431
3PBL_A_ETQ_0344,-734.803,-11.212,0.246
3PBL_A_ETQ_0345,-706.600,-7.062,3.485
3PBL_A_ETQ_0346,-691.763,-4.518,6.626
3PBL_A_ETQ_0347,-738.788,-12.430,0.368
3PBL_A_ETQ_0348,-741.171,-11.535,0.296
3PBL_A_ETQ_0349,-735.206,-11.036,0.279
3PBL_A_ETQ_0350,-726.203,-11.061,0.344
3PBL_A_ETQ_0351,-723.198,-9.837,6.885
3PBL_A_ETQ_0352,-737.538,-11.980,0.363
3PBL_A_ETQ_0353,-723.499,-10.572,0.252
3PBL_A_ETQ_0354,-709.335,-8.430,6.975
3PBL_A_ETQ_0355,-738.075,-11.558,0.321
3PBL_A_ETQ_0356,-729.906,-11.261,0.329
3PBL_A_ETQ_0357,-728.864,-10.737,0.349
3PBL_A_ETQ_0358,-728.936,-12.039,0.385
3PBL_A_ETQ_0359,-738.046,-11.868,0.359
3PBL_A_ETQ_0360,-735.891,-11.547,0.313
3PBL_A_ETQ_0361,-740.314,-11.055,0.366
3PBL_A_ETQ_0362,-738.336,-11.545,0.346
3PBL_A_ETQ_0363,-732.547,-11.786,0.337
3PBL_A_ETQ_0364,-735.417,-11.090,0.350
3PBL_A_ETQ_0365,-746.485,-11.029,0.351
3PBL_A_ETQ_0366,-728.891,-11.597,0.287
3PBL_A_ETQ_0367,-740.722,-11.599,0.322
3PBL_A_ETQ_0368,-736.774,-11.885,0.320
3PBL_A_ETQ_0369,-732.148,-12.033,0.351
3PBL_A_ETQ_0370,-737.906,-11.577,0.383
3PBL_A_ETQ_0371,-729.049,-11.947,0.451
3PBL_A_ETQ_0372,-728.517,-11.007,0.426
3PBL_A_ETQ_0373,-738.582,-11.943,0.377
3PBL_A_ETQ_0374,-740.558,-11.162,0.342
3PBL_A_ETQ_0375,-732.214,-11.684,0.334
3PBL_A_ETQ_0376,-743.038,-11.230,0.274
3PBL_A_ETQ_0377,-729.503,-11.656,0.302
3PBL_A_ETQ_0378,-739.233,-11.441,0.251
3PBL_A_ETQ_0379,-741.870,-11.819,0.372
3PBL_A_ETQ_0380,-732.704,-12.211,0.327
3PBL_A_ETQ_0381,-728.802,-12.179,0.369
3PBL_A_ETQ_0382,-736.367,-11.347,0.281
3PBL_A_ETQ_0383,-729.071,-11.661,0.243
3PBL_A_ETQ_0384,-726.904,-10.484,0.378
3PBL_A_ETQ_0385,-737.282,-11.507,0.415
3PBL_A_ETQ_0386,-692.939,-5.149,4.452
3PBL_A_ETQ_0387,-708.818,-8.440,4.598
3PBL_A_ETQ_0388,-718.300,-7.321,5.184
3PBL_A_ETQ_0389,-735.949,-11.651,0.346
3PBL_A_ETQ_0390,-732.580,-12.311,0.362
3PBL_A_ETQ_0391,-738.493,-11.677,0.323
3PBL_A_ETQ_0392,-733.005,-11.322,0.290
3PBL_A_ETQ_0393,-727.690,-11.589,0.371
3PBL_A_ETQ_0394,-743.693,-11.474,0.285
3PBL_A_ETQ_0395,-719.144,-12.173,0.332
3PBL_A_ETQ_0396,-736.331,-12.243,0.343
3PBL_A_ETQ_0397,-734.322,-11.685,0.345
3PBL_A_ETQ_0398,-746.705,-12.064,0.395
3PBL_A_ETQ_0399,-739.379,-11.377,0.428
3PBL_A_ETQ_0400,-688.919,-5.917,6.662
3PBL_A_ETQ_0401,-734.437,-12.148,0.325
3PBL_A_ETQ_0402,-733.514,-10.781,0.268
3PBL_A_ETQ_0403,-736.255,-11.217,0.310
3PBL_A_ETQ_0404,-732.899,-11.677,0.280
3PBL_A_ETQ_0405,-732.598,-11.607,0.270
3PBL_A_ETQ_0406,-738.093,-11.477,0.252
3PBL_A_ETQ_0407,-728.163,-11.403,0.371
3PBL_A_ETQ_0408,-737.778,-11.335,0.284
3PBL_A_ETQ_0409,-732.315,-12.040,0.366
3PBL_A_ETQ_0410,-735.088,-11.901,0.324
3PBL_A_ETQ_0411,-730.786,-11.717,0.378
3PBL_A_ETQ_0412,-730.718,-11.212,0.346
3PBL_A_ETQ_0413,-736.033,-11.707,0.360
3PBL_A_ETQ_0414,-726.614,-11.665,0.316
3PBL_A_ETQ_0415,-735.539,-11.816,0.299
3PBL_A_ETQ_0416,-728.805,-11.362,0.356
3PBL_A_ETQ_0417,-737.008,-10.615,0.369
3PBL_A_ETQ_0418,-745.266,-11.363,0.264
3PBL_A_ETQ_0419,-731.624,-12.088,0.492
3PBL_A_ETQ_0420,-739.873,-11.423,0.332
3PBL_A_ETQ_0421,-742.324,-11.709,0.447
3PBL_A_ETQ_0422,-727.635,-10.789,0.303
3PBL_A_ETQ_0423,-703.971,-7.066,3.988
3PBL_A_ETQ_0424,-692.886,2.341,6.597
3PBL_A_ETQ_0425,-731.838,-11.335,0.315
3PBL_A_ETQ_0426,-730.145,-11.628,0.353
3PBL_A_ETQ_0427,-734.545,-11.570,0.352
3PBL_A_ETQ_0428,-730.769,-11.531,0.326
3PBL_A_ETQ_0429,-727.928,-11.548,0.482
3PBL_A_ETQ_0430,-701.345,-10.403,3.965
3PBL_A_ETQ_0431,-699.088,-5.627,4.003
3PBL_A_ETQ_0432,-701.287,-3.000,4.294
3PBL_A_ETQ_0433,-726.315,-3.381,7.264
3PBL_A_ETQ_0434,-726.247,-11.993,0.326
3PBL_A_ETQ_0435,-716.794,-9.892,0.267
3PBL_A_ETQ_0436,-728.144,-11.546,0.269
3PBL_A_ETQ_0437,-727.283,-11.395,0.236
3PBL_A_ETQ_0438,-738.360,-11.872,0.384
3PBL_A_ETQ_0439,-728.884,-11.655,0.322
3PBL_A_ETQ_0440,-737.101,-10.911,0.335
3PBL_A_ETQ_0441,-726.445,-11.857,0.295
3PBL_A_ETQ_0442,-736.587,-11.374,0.282
3PBL_A_ETQ_0443,-727.471,-11.709,0.301
3PBL_A_ETQ_0444,-735.553,-11.673,0.297
3PBL_A_ETQ_0445,-739.720,-11.434,0.331
3PBL_A_ETQ_0446,-724.780,-7.778,1.937
3PBL_A_ETQ_0447,-735.689,-11.455,0.347
3PBL_A_ETQ_0448,-733.231,-11.682,0.376
3PBL_A_ETQ_0449,-740.188,-11.883,0.319
3PBL_A_ETQ_0450,-733.561,-12.434,0.366
3PBL_A_ETQ_0451,-737.757,-11.433,0.363
3PBL_A_ETQ_0452,-732.117,-11.648,0.331
3PBL_A_ETQ_0453,-697.578,-7.367,3.352
3PBL_A_ETQ_0454,-721.446,-10.706,0.331
3PBL_A_ETQ_0455,-699.571,-3.534,6.641
3PBL_A_ETQ_0456,-739.535,-11.689,0.353
3PBL_A_ETQ_0457,-729.200,-11.478,0.335
3PBL_A_ETQ_0458,-742.226,-11.516,0.294
3PBL_A_ETQ_0459,-737.073,-10.958,0.286
3PBL_A_ETQ_0460,-730.213,-11.298,0.232
3PBL_A_ETQ_0461,-730.165,-11.689,0.308
3PBL_A_ETQ_0462,-730.801,-11.358,0.327
3PBL_A_ETQ_0463,-727.636,-11.346,0.296
3PBL_A_ETQ_0464,-737.306,-11.887,0.315
3PBL_A_ETQ_0465,-731.581,-11.505,0.323
3PBL_A_ETQ_0466,-732.147,-9.623,6.863
3PBL_A_ETQ_0467,-693.680,-4.727,1.744
3PBL_A_ETQ_0468,-738.571,-11.696,0.341
3PBL_A_ETQ_0469,-741.978,-11.940,0.420
3PBL_A_ETQ_0470,-715.176,-4.999,4.641
3PBL_A_ETQ_0471,-711.112,-7.596,2.049
3PBL_A_ETQ_0472,-727.349,-11.836,0.332
3PBL_A_ETQ_0473,-694.542,-2.555,2.386
3PBL_A_ETQ_0474,-733.706,-10.421,0.392
3PBL_A_ETQ_0475,-736.724,-11.967,0.308
3PBL_A_ETQ_0476,-713.448,-11.909,0.397
3PBL_A_ETQ_0477,-739.016,-12.053,0.354
3PBL_A_ETQ_0478,-736.312,-11.021,0.258
3PBL_A_ETQ_0479,-696.424,-7.143,4.527
3PBL_A_ETQ_0480,-724.181,-7.536,3.631
3PBL_A_ETQ_0481,-474.157,-6.699,7.455
3PBL_A_ETQ_0482,-718.956,-11.702,0.325
3PBL_A_ETQ_0483,-722.942,-10.502,0.303
3PBL_A_ETQ_0484,-728.221,-11.143,0.293
3PBL_A_ETQ_0485,-737.815,-11.764,0.322
3PBL_A_ETQ_0486,-697.469,-2.049,6.665
3PBL_A_ETQ_0487,-736.166,-11.030,0.228
3PBL_A_ETQ_0488,-728.936,-12.007,0.543
3PBL_A_ETQ_0489,-727.612,-11.436,0.304
3PBL_A_ETQ_0490,-706.798,-8.834,6.578
3PBL_A_ETQ_0491,-738.902,-11.621,0.388
3PBL_A_ETQ_0492,-746.124,-12.060,0.373
3PBL_A_ETQ_0493,-738.345,-12.144,0.343
3PBL_A_ETQ_0494,-727.607,-11.775,0.358
3PBL_A_ETQ_0495,-736.290,-11.126,0.277
3PBL_A_ETQ_0496,-741.608,-11.096,0.342
3PBL_A_ETQ_0497,-731.510,-11.463,0.308
3PBL_A_ETQ_0498,-736.452,-11.769,0.469
3PBL_A_ETQ_0499,-739.488,-11.613,0.302
3PBL_A_ETQ_0500,-727.584,-11.443,0.460
